"Nom";"Version";"Editeur";"Date";"Taille";"Source";"Categorie"
".AdskAppManager";"(dossier)";"-";"-";"0";"Dossier";"main"
"7-Zip 26.00 (x64)";"26.00";"Igor Pavlov";"-";"5,6";"Registre";"main"
"ACAD Private";"25.1.60.0";"Autodesk";"23/03/2026";"0,3";"Registre";"main"
"ACADE Private";"23.0.61.0";"Autodesk";"23/03/2026";"0,3";"Registre";"main"
"ACCA - PriMus-DCF v.BIM 2(e) - FR - x86 - (52.0.5.26680)";"52.0.5.26680";"ACCA software S.p.A.";"-";"0";"Registre";"main"
"ACCA - Solarius-PV v.usBIM(d) - FR - x64 - (18.0.5.32680)";"18.0.5.32680";"ACCA software S.p.A.";"-";"0";"Registre";"main"
"ACCA Common - ACCA_BIMPlatforms  v.123 - x86 - (1.1.24.32235)";"1.1.24.32235";"ACCA software S.p.A.";"-";"0";"Registre";"main"
"ACCA Common - ACCABrowser v.1.10m - x64 - (1.0.16.32363)";"1.0.16.32363";"ACCA software S.p.A.";"-";"0";"Registre";"main"
"ACCA Common - ACCABrowser v.1.10m - x86 - (1.0.16.32362)";"1.0.16.32362";"ACCA software S.p.A.";"-";"0";"Registre";"main"
"ACCA Common - ACCAPreviewHandler v.5.00f - x86 - (5.0.6.24119)";"5.0.6.24119";"ACCA software S.p.A.";"-";"0";"Registre";"main"
"ACCA Common - DrawingsX 21.11.0 v.21.11.0 - x64 - (2111.0.1.25646)";"2111.0.1.25646";"ACCA software S.p.A.";"-";"0";"Registre";"main"
"ACCA Common - Fonts  v.2.00d - x86 - (2.0.3.15260)";"2.0.3.15260";"ACCA software S.p.A.";"-";"0";"Registre";"main"
"ACCA Common - Microsoft .NET Framework 4.7.2 v.4.7.2 - x86 - (4.70.2.29453)";"4.70.2.29453";"ACCA software S.p.A.";"-";"0";"Registre";"composant"
"ACCA Common - Microsoft Visual C++ 2005 Redistributable Package v.2005 - x86 - (2005.0.2.15346)";"2005.0.2.15346";"ACCA software S.p.A.";"-";"0";"Registre";"composant"
"ACCA Common - Microsoft Visual C++ 2008 Redistributable Package v.2008 - x86 - (2008.0.2.15352)";"2008.0.2.15352";"ACCA software S.p.A.";"-";"0";"Registre";"composant"
"ACCA Common - Microsoft Visual C++ 2010 Redistributable Package v.2010(a) - x86 - (2010.0.2.15258)";"2010.0.2.15258";"ACCA software S.p.A.";"-";"0";"Registre";"composant"
"ACCA Common - Microsoft Visual C++ 2012 Redistributable (x86) v.2012 - x86 - (2012.0.2.15250)";"2012.0.2.15250";"ACCA software S.p.A.";"-";"0";"Registre";"composant"
"ACCA Common - Microsoft Visual C++ 2013 Redistributable Package v.2013a (12.0.40660) - x86 - (2013.0.3.15241)";"2013.0.3.15241";"ACCA software S.p.A.";"-";"0";"Registre";"composant"
"ACCA Common - Microsoft Visual C++ 2015-2019 Redistributable Package v.2015-2019 - x86 - (2019.0.1.25463)";"2019.0.1.25463";"ACCA software S.p.A.";"-";"0";"Registre";"composant"
"ACCA Common - SignTool v.2.00g - x86 - (2.0.8.19502)";"2.0.8.19502";"ACCA software S.p.A.";"-";"0";"Registre";"main"
"ACCA Common - TeighaX 4.3.1 (x32_x64) v.4.3.1(b) - x86 - (431.0.2.15439)";"431.0.2.15439";"ACCA software S.p.A.";"-";"0";"Registre";"main"
"ActivityInsights";"(dossier)";"-";"-";"0";"Dossier";"main"
"Adlm";"(dossier)";"-";"-";"0";"Dossier";"main"
"AdpIPMClient";"(dossier)";"-";"-";"0";"Dossier";"main"
"AdskLicensingAgent";"(dossier)";"-";"-";"0";"Dossier";"main"
"AlpiUpdate";"7.0.0.20";"I.G.E. SAS";"09/03/2026";"50,2";"Registre";"main"
"Applications recommandées Autodesk";"3.6.0";"Autodesk";"23/03/2026";"19";"Registre";"main"
"AppUp.IntelOptaneMemoryandStorageManagement";"18.1.1042.0";;"-";"0";"AppX";"main"
"Arduino IDE 2.3.8";"2.3.8";"Arduino SA";"-";"527,5";"Registre";"main"
"AutoCAD 2023";"(dossier)";"-";"-";"0";"Dossier";"main"
"AutoCAD 2026 - Français (French)";"25.1.60.0";"Autodesk";"23/03/2026";"13,2";"Registre";"doublon"
"AutoCAD Electrical 2023";"(dossier)";"-";"-";"0";"Dossier";"main"
"AutoCAD Electrical 2026 - Français (French)";"23.0.61.0";"Autodesk";"23/03/2026";"876,3";"Registre";"doublon"
"AutoCAD Electrical 2026 CA Language Pack - Français (French)";"23.0.61.0";"Autodesk";"23/03/2026";"0,6";"Registre";"update"
"AutoCAD Electrical 2026 Content CA Language Pack - Français (French)";"23.0.61.0";"Autodesk";"23/03/2026";"663,2";"Registre";"update"
"AutoCAD Electrical 2026 Content Pack CA";"23.0.61.0";"Autodesk";"23/03/2026";"5,7";"Registre";"main"
"AutoCAD Electrical 2026.0.1 Update";"23.0.83.0";"Autodesk, Inc.";"23/03/2026";"79,6";"Registre";"update"
"AutoCAD Open in Desktop";"1.0.28.0";"Autodesk";"23/03/2026";"0";"Registre";"main"
"AutoCAD-OpenInDesktop";"(dossier)";"-";"-";"0";"Dossier";"main"
"Autodesk Access";"2.21.0.559";"Autodesk, Inc.";"23/03/2026";"69,7";"Registre";"main"
"Autodesk AdSSO";"(dossier)";"-";"-";"0";"Dossier";"main"
"Autodesk Advanced Material Library Base Resolution Image Library 2023";"21.0.1.1";"Autodesk";"06/03/2026";"24,6";"Registre";"update"
"Autodesk Advanced Material Library Low Resolution Image Library 2023";"21.0.1.1";"Autodesk";"06/03/2026";"65,2";"Registre";"update"
"Autodesk Advanced Material Library Medium Resolution Image Library 2023";"21.0.1.1";"Autodesk";"06/03/2026";"1531,8";"Registre";"update"
"Autodesk App Manager";"3.6.0";"Autodesk";"23/03/2026";"5,9";"Registre";"main"
"Autodesk AutoCAD 2026 - Français (French)";"25.1.164.0";"Autodesk, Inc.";"23/03/2026";"5515,1";"Registre";"main"
"Autodesk AutoCAD 2026.1.1 Update";"25.1.164.0";"Autodesk, Inc.";"23/03/2026";"2263,1";"Registre";"update"
"Autodesk AutoCAD Electrical 2026 - Français (French)";"23.0.83.0";"Autodesk, Inc.";"23/03/2026";"7885,2";"Registre";"main"
"Autodesk AutoCAD Performance Feedback Tool 1.3.12";"1.3.12.0";"Autodesk";"06/03/2026";"7,3";"Registre";"main"
"Autodesk Carbon Insights for Revit 2023";"23.1.80.30";"Autodesk";"06/03/2026";"2";"Registre";"main"
"Autodesk Carbon Insights for Revit 2026";"26.4.0.32";"Autodesk";"23/03/2026";"1,7";"Registre";"main"
"Autodesk CER";"7.2.4.927";"Autodesk Inc.";"23/03/2026";"51,8";"Registre";"main"
"Autodesk Collaboration";"(dossier)";"-";"-";"0";"Dossier";"main"
"Autodesk Genuine Service";"7.6.0.229";"Autodesk";"06/03/2026";"329,1";"Registre";"composant"
"Autodesk Interoperability Engine Manager";"1.3.2.2";"Autodesk, Inc.";"06/03/2026";"25,7";"Registre";"main"
"Autodesk Material Library 2023";"21.0.1.1";"Autodesk";"06/03/2026";"212,7";"Registre";"update"
"Autodesk Material Library Base Resolution Image Library 2023";"21.0.1.1";"Autodesk";"06/03/2026";"71,5";"Registre";"update"
"Autodesk Material Library Low Resolution Image Library 2023";"21.0.1.1";"Autodesk";"06/03/2026";"245,2";"Registre";"update"
"Autodesk Material Library Medium Resolution Image Library 2023";"21.0.1.1";"Autodesk";"06/03/2026";"715,8";"Registre";"update"
"Autodesk Revit 2026";"26.4.0.32";"Autodesk, Inc.";"23/03/2026";"15621,1";"Registre";"doublon"
"Autodesk Revit Add-Ins Manager 2026";"26.0.4.409";"Autodesk";"23/03/2026";"2,9";"Registre";"main"
"Autodesk Revit Product Feedback 2026";"26.4.0.32";"Autodesk";"23/03/2026";"2,6";"Registre";"main"
"Autodesk Revit Unit Schemas 2023";"23.1.80.30";"Autodesk, Inc.";"06/03/2026";"117,1";"Registre";"main"
"Autodesk Serial Number Activation Support Component";"1.0.0.32";"Autodesk, Inc.";"23/03/2026";"30,9";"Registre";"main"
"Autodesk Single Sign On Component";"14.1.3.1803";"Autodesk";"06/03/2026";"225,3";"Registre";"composant"
"Autodesk Steel Connections Core Content for Revit 2026";"26.0.4.409";"Autodesk";"23/03/2026";"36,2";"Registre";"main"
"Automation Software Updater";"02.04.0000";"Siemens AG";"20/03/2026";"9";"Registre";"main"
"Batch Print for Autodesk Revit 2026";"26.0.4.409";"Autodesk";"23/03/2026";"3,3";"Registre";"main"
"Caneco BOX Module 2.1";"2.01.0007";"ALPI";"09/03/2026";"119,2";"Registre";"main"
"Caneco BT 2025 Application files";"5.15.0.42";"I.G.E. SAS";"09/03/2026";"831,4";"Registre";"main"
"Caneco BT 2025 Country pack FR";"5.15.0.12";"I.G.E. SAS";"09/03/2026";"6135,6";"Registre";"main"
"Caneco Dessin 4.4";"4.4.5010";"I.G.E. SA";"09/03/2026";"10,4";"Registre";"main"
"Caneco HT 2025";"3.5.0.4";"I.G.E. SAS";"09/03/2026";"392,5";"Registre";"main"
"Carbon Insights for Revit 2023";"23.1.80.30";"Autodesk, Inc.";"06/03/2026";"2";"Registre";"doublon"
"CodeMeter Runtime Kit v7.21a";"7.21.4611.501";"WIBU-SYSTEMS AG";"06/03/2026";"77,3";"Registre";"main"
"CODESYS 3.5.17.30";"(dossier)";"-";"-";"0";"Dossier";"main"
"CODESYS 64 3.5.17.30";"3.5.17.300";"CODESYS GmbH";"06/03/2026";"2535,8";"Registre";"main"
"CODESYS Installer";"1.2.0.682";"CODESYS GmbH";"06/03/2026";"42,9";"Registre";"main"
"CXM DTM";"1.00.0003";"Schneider Electric";"06/03/2026";"6,6";"Registre";"main"
"DIAL Communication Framework";"3.0.397.0";"DIAL GmbH";"-";"0";"Registre";"main"
"DIAL Data Dispatcher";"2.0.24.0";"DIAL GmbH";"-";"0";"Registre";"main"
"DIAL GmbH";"(dossier)";"-";"-";"0";"Dossier";"main"
"DIALux evo (x64)";"5.13.2.5";"DIAL GmbH";"-";"0";"Registre";"main"
"DisplayDriverAnalyzer";"391.35";"NVIDIA Corporation";"23/03/2026";"0";"Registre";"main"
"dotnet";"(dossier)";"-";"-";"0";"Dossier";"main"
"DrawingsX 21.11  (x64)";"21.11.0";"Open Design Alliance";"06/03/2026";"77,7";"Registre";"main"
"EcoStruxure Power Design - Ecodial FR V5.00";"5.00";"Schneider Electric";"09/03/2026";"263,7";"Registre";"main"
"Enregistrement Autodesk sur le Web et au format mobile";"3.1.8";"Autodesk";"23/03/2026";"33,7";"Registre";"main"
"EPANET 2.0 Fr";;;"-";"0";"Registre";"main"
"Epanet2_Fr";"(dossier)";"-";"-";"0";"Dossier";"main"
"eTransmit for Autodesk Revit 2026";"26.0.4.409";"Autodesk";"23/03/2026";"4,3";"Registre";"main"
"Ets3PlugIn";"(dossier)";"-";"-";"0";"Dossier";"main"
"FOG Service";"0.13.0";"FOG";"12/03/2026";"5";"Registre";"main"
"FormIt Converter for Revit 2026";"26.4.0.32";"Autodesk";"23/03/2026";"11,1";"Registre";"main"
"FTZ Schem 14";"14.02.200221";"FTZ";"-";"0";"Registre";"main"
"GanttProject";"3.3.3316";"BarD Software s.r.o.";"-";"185,5";"Registre";"main"
"GDR 5223 pour SQL Server 2014 (Ko4505217)";"12.2.5223.6";"Microsoft Corporation";"23/03/2026";"0";"Registre";"main"
"Generative Design For Revit";"26.5.6.0";"Autodesk";"23/03/2026";"356,9";"Registre";"main"
"Genuine Autodesk Service";"(dossier)";"-";"-";"0";"Dossier";"main"
"Google Chrome";"145.0.7632.162";"Google LLC";"10/03/2026";"136,3";"Registre";"main"
"GPLGS";"(dossier)";"-";"-";"0";"Dossier";"main"
"Identity Services";"(dossier)";"-";"-";"0";"Dossier";"main"
"Internet Explorer";"(dossier)";"-";"-";"0";"Dossier";"main"
"KNX ETS5 Compatibility Components V5.5.0";"5.5.0.0";"KNX Association cvba";"10/03/2026";"9,2";"Registre";"main"
"KNX ETS5 v5.0.5";"5.0.1217.9763";"KNX Association cvba";"09/03/2026";"170,8";"Registre";"main"
"KNX ETS5 v5.7.7";"5.7.1428.39779";"KNX Association cvba";"10/03/2026";"469,1";"Registre";"main"
"LegrandPDFWriter";;;"-";"0";"Registre";"main"
"Logs";"(dossier)";"-";"-";"0";"Dossier";"main"
"M580 Master DTM";"2.9.3";"Schneider Electric";"06/03/2026";"103,9";"Registre";"main"
"MATLAB R2025b";"25.2";"MathWorks";"-";"0";"Registre";"main"
"Microsoft .NET 7.0.10 - Windows Server Hosting";"7.0.10.23364";"Microsoft Corporation";"-";"138,1";"Registre";"composant"
"Microsoft .NET Core Host - 3.1.10 (x64)";"24.104.29419";"Microsoft Corporation";"06/03/2026";"0,4";"Registre";"composant"
"Microsoft .NET Core Host - 3.1.10 (x86)";"24.104.29419";"Microsoft Corporation";"06/03/2026";"0,3";"Registre";"composant"
"Microsoft .NET Core Host FX Resolver - 3.1.10 (x64)";"24.104.29419";"Microsoft Corporation";"06/03/2026";"0,6";"Registre";"composant"
"Microsoft .NET Core Host FX Resolver - 3.1.10 (x86)";"24.104.29419";"Microsoft Corporation";"06/03/2026";"0,4";"Registre";"composant"
"Microsoft .NET Core Runtime - 3.1.10 (x64)";"24.104.29419";"Microsoft Corporation";"06/03/2026";"65,5";"Registre";"composant"
"Microsoft .NET Core Runtime - 3.1.10 (x86)";"24.104.29419";"Microsoft Corporation";"06/03/2026";"58,3";"Registre";"composant"
"Microsoft .NET Host - 7.0.10 (x64)";"56.43.64668";"Microsoft Corporation";"06/03/2026";"0,2";"Registre";"composant"
"Microsoft .NET Host - 7.0.10 (x86)";"56.43.64668";"Microsoft Corporation";"06/03/2026";"0,5";"Registre";"composant"
"Microsoft .NET Host - 8.0.25 (x64)";"64.100.48707";"Microsoft Corporation";"11/03/2026";"0,5";"Registre";"composant"
"Microsoft .NET Host FX Resolver - 7.0.10 (x64)";"56.43.64668";"Microsoft Corporation";"06/03/2026";"0,4";"Registre";"composant"
"Microsoft .NET Host FX Resolver - 7.0.10 (x86)";"56.43.64668";"Microsoft Corporation";"06/03/2026";"0,3";"Registre";"composant"
"Microsoft .NET Host FX Resolver - 8.0.21 (x64)";"64.84.40925";"Microsoft Corporation";"23/03/2026";"0,3";"Registre";"composant"
"Microsoft .NET Host FX Resolver - 8.0.25 (x64)";"64.100.48707";"Microsoft Corporation";"11/03/2026";"0,3";"Registre";"composant"
"Microsoft .NET Runtime - 7.0.10 (x64)";"56.43.64668";"Microsoft Corporation";"06/03/2026";"69,2";"Registre";"composant"
"Microsoft .NET Runtime - 7.0.10 (x86)";"7.0.10.32713";"Microsoft Corporation";"-";"88,8";"Registre";"composant"
"Microsoft .NET Runtime - 8.0.21 (x64)";"64.84.40925";"Microsoft Corporation";"23/03/2026";"70,2";"Registre";"composant"
"Microsoft .NET Runtime - 8.0.25 (x64)";"64.100.48707";"Microsoft Corporation";"11/03/2026";"70,2";"Registre";"composant"
"Microsoft Access database engine 2016 (English)";"16.0.5044.1000";"Microsoft Corporation";"11/03/2026";"716,3";"Registre";"main"
"Microsoft ASP.NET Core 3.1.10 - Shared Framework";"3.1.10.20520";"Microsoft Corporation";"-";"26";"Registre";"composant"
"Microsoft ASP.NET Core 3.1.10 Shared Framework (x64)";"3.1.10.20520";"Microsoft Corporation";"06/03/2026";"19";"Registre";"composant"
"Microsoft ASP.NET Core 7.0.10 - Shared Framework (x64)";"7.0.10.23364";"Microsoft Corporation";"-";"33,8";"Registre";"composant"
"Microsoft ASP.NET Core 7.0.10 - Shared Framework (x86)";"7.0.10.23364";"Microsoft Corporation";"-";"31";"Registre";"composant"
"Microsoft ASP.NET Core 7.0.10 Hosting Bundle Options";"7.0.10.23364";"Microsoft Corporation";"06/03/2026";"0";"Registre";"composant"
"Microsoft ASP.NET Core 7.0.10 Shared Framework (x64)";"7.0.10.23364";"Microsoft Corporation";"06/03/2026";"25";"Registre";"composant"
"Microsoft ASP.NET Core 7.0.10 Shared Framework (x86)";"7.0.10.23364";"Microsoft Corporation";"06/03/2026";"23";"Registre";"composant"
"Microsoft ASP.NET Core 8.0.21 - Shared Framework (x64)";"8.0.21.25475";"Microsoft Corporation";"-";"37";"Registre";"composant"
"Microsoft ASP.NET Core 8.0.21 Shared Framework (x64)";"8.0.21.25475";"Microsoft Corporation";"23/03/2026";"27,4";"Registre";"composant"
"Microsoft ASP.NET Core 8.0.25 - Shared Framework (x64)";"8.0.25.26112";"Microsoft Corporation";"-";"37,1";"Registre";"composant"
"Microsoft ASP.NET Core 8.0.25 Shared Framework (x64)";"8.0.25.26112";"Microsoft Corporation";"11/03/2026";"27,4";"Registre";"composant"
"Microsoft Edge";"146.0.3856.72";"Microsoft Corporation";"23/03/2026";"0";"Registre";"doublon"
"Microsoft Edge WebView2 Runtime";"146.0.3856.72";"Microsoft Corporation";"23/03/2026";"0";"Registre";"composant"
"Microsoft ODBC Driver 11 for SQL Server";"12.2.5223.6";"Microsoft Corporation";"23/03/2026";"4,6";"Registre";"main"
"Microsoft Primary Interoperability Assemblies 2005";"8.0.50727.42";"Microsoft Corporation";"20/03/2026";"16,2";"Registre";"main"
"Microsoft SQL Server 2008 Setup Support Files ";"10.3.5500.0";"Microsoft Corporation";"20/03/2026";"28,2";"Registre";"main"
"Microsoft SQL Server 2012 Native Client ";"11.4.7001.0";"Microsoft Corporation";"20/03/2026";"7,2";"Registre";"main"
"Microsoft SQL Server 2014";;;"-";"0";"Registre";"doublon"
"Microsoft SQL Server 2014 Express LocalDB ";"12.3.6024.0";"Microsoft Corporation";"06/03/2026";"231,8";"Registre";"main"
"Microsoft SQL Server 2014 RsFx Driver";"12.2.5223.6";"Microsoft Corporation";"23/03/2026";"0";"Registre";"main"
"Microsoft SQL Server 2014 Setup (English)";"12.2.5223.6";"Microsoft Corporation";"23/03/2026";"172,2";"Registre";"main"
"Microsoft SQL Server 2014 Transact-SQL ScriptDom ";"12.2.5000.0";"Microsoft Corporation";"20/03/2026";"6,2";"Registre";"main"
"Microsoft SQL Server 2019 LocalDB ";"15.0.2000.5";"Microsoft Corporation";"23/03/2026";"258,6";"Registre";"main"
"Microsoft Visual C++ 2005 Redistributable";"8.0.61001";"Microsoft Corporation";"06/03/2026";"4,8";"Registre";"doublon"
"Microsoft Visual C++ 2005 Redistributable (x64)";"8.0.56336";"Microsoft Corporation";"06/03/2026";"7,1";"Registre";"composant"
"Microsoft Visual C++ 2008 Redistributable - x64 9.0.30729";"9.0.30729";"Microsoft Corporation";"06/03/2026";"12,5";"Registre";"doublon"
"Microsoft Visual C++ 2008 Redistributable - x64 9.0.30729.4148";"9.0.30729.4148";"Microsoft Corporation";"06/03/2026";"13,2";"Registre";"composant"
"Microsoft Visual C++ 2008 Redistributable - x64 9.0.30729.6161";"9.0.30729.6161";"Microsoft Corporation";"09/03/2026";"13,2";"Registre";"composant"
"Microsoft Visual C++ 2008 Redistributable - x86 9.0.30729.4148";"9.0.30729.4148";"Microsoft Corporation";"06/03/2026";"9,5";"Registre";"composant"
"Microsoft Visual C++ 2008 Redistributable - x86 9.0.30729.6161";"9.0.30729.6161";"Microsoft Corporation";"06/03/2026";"10,2";"Registre";"composant"
"Microsoft Visual C++ 2010  x64 Redistributable - 10.0.40219";"10.0.40219";"Microsoft Corporation";"09/03/2026";"15,2";"Registre";"composant"
"Microsoft Visual C++ 2010  x86 Redistributable - 10.0.40219";"10.0.40219";"Microsoft Corporation";"20/03/2026";"13,7";"Registre";"composant"
"Microsoft Visual C++ 2012 Redistributable (x64) - 11.0.61030";"11.0.61030.0";"Microsoft Corporation";"-";"20,5";"Registre";"composant"
"Microsoft Visual C++ 2012 Redistributable (x86) - 11.0.61030";"11.0.61030.0";"Microsoft Corporation";"-";"17,4";"Registre";"composant"
"Microsoft Visual C++ 2012 x64 Additional Runtime - 11.0.61030";"11.0.61030";"Microsoft Corporation";"06/03/2026";"12";"Registre";"main"
"Microsoft Visual C++ 2012 x64 Minimum Runtime - 11.0.61030";"11.0.61030";"Microsoft Corporation";"06/03/2026";"2";"Registre";"main"
"Microsoft Visual C++ 2012 x86 Additional Runtime - 11.0.61030";"11.0.61030";"Microsoft Corporation";"06/03/2026";"9,7";"Registre";"main"
"Microsoft Visual C++ 2012 x86 Minimum Runtime - 11.0.61030";"11.0.61030";"Microsoft Corporation";"06/03/2026";"1,7";"Registre";"main"
"Microsoft Visual C++ 2013 Redistributable (x64) - 12.0.40660";"12.0.40660.0";"Microsoft Corporation";"-";"20,6";"Registre";"composant"
"Microsoft Visual C++ 2013 Redistributable (x86) - 12.0.40660";"12.0.40660.0";"Microsoft Corporation";"-";"17,2";"Registre";"composant"
"Microsoft Visual C++ 2013 x64 Additional Runtime - 12.0.40660";"12.0.40660";"Microsoft Corporation";"06/03/2026";"11,5";"Registre";"main"
"Microsoft Visual C++ 2013 x64 Minimum Runtime - 12.0.40660";"12.0.40660";"Microsoft Corporation";"06/03/2026";"2,5";"Registre";"main"
"Microsoft Visual C++ 2013 x86 Additional Runtime - 12.0.40660";"12.0.40660";"Microsoft Corporation";"06/03/2026";"9,2";"Registre";"main"
"Microsoft Visual C++ 2013 x86 Minimum Runtime - 12.0.40660";"12.0.40660";"Microsoft Corporation";"06/03/2026";"2";"Registre";"main"
"Microsoft Visual C++ 2022 X64 Additional Runtime - 14.50.35719";"14.50.35719";"Microsoft Corporation";"23/03/2026";"11,6";"Registre";"main"
"Microsoft Visual C++ 2022 X64 Minimum Runtime - 14.50.35719";"14.50.35719";"Microsoft Corporation";"23/03/2026";"2,3";"Registre";"main"
"Microsoft Visual C++ 2022 X86 Additional Runtime - 14.50.35719";"14.50.35719";"Microsoft Corporation";"23/03/2026";"10,1";"Registre";"main"
"Microsoft Visual C++ 2022 X86 Minimum Runtime - 14.50.35719";"14.50.35719";"Microsoft Corporation";"23/03/2026";"2";"Registre";"main"
"Microsoft Visual C++ v14 Redistributable (x64) - 14.50.35719";"14.50.35719.0";"Microsoft Corporation";"-";"20,7";"Registre";"composant"
"Microsoft Visual C++ v14 Redistributable (x86) - 14.50.35719";"14.50.35719.0";"Microsoft Corporation";"-";"18,2";"Registre";"composant"
"Microsoft VSS Writer for SQL Server 2014";"12.2.5000.0";"Microsoft Corporation";"23/03/2026";"3,5";"Registre";"main"
"Microsoft Windows Desktop Runtime - 3.1.10 (x64)";"24.104.29419";"Microsoft Corporation";"06/03/2026";"83,8";"Registre";"main"
"Microsoft Windows Desktop Runtime - 3.1.10 (x86)";"24.104.29419";"Microsoft Corporation";"06/03/2026";"77,8";"Registre";"main"
"Microsoft Windows Desktop Runtime - 8.0.21 (x64)";"64.84.40919";"Microsoft Corporation";"23/03/2026";"89,9";"Registre";"main"
"Microsoft Windows Desktop Runtime - 8.0.25 (x64)";"64.100.48707";"Microsoft Corporation";"11/03/2026";"89,8";"Registre";"main"
"Microsoft.ApplicationCompatibilityEnhancements";"1.2511.9.0";;"-";"0";"AppX";"main"
"Microsoft.AV1VideoExtension";"2.0.7.0";;"-";"0";"AppX";"main"
"Microsoft.AVCEncoderVideoExtension";"1.1.23.0";;"-";"0";"AppX";"main"
"Microsoft.DesktopAppInstaller";"1.28.219.0";;"-";"0";"AppX";"main"
"Microsoft.Edge.GameAssist";"1.0.3590.0";;"-";"0";"AppX";"main"
"Microsoft.GetHelp";"10.2409.33293.0";;"-";"0";"AppX";"main"
"Microsoft.HEIFImageExtension";"1.2.29.0";;"-";"0";"AppX";"main"
"Microsoft.HEVCVideoExtension";"2.4.43.0";;"-";"0";"AppX";"main"
"Microsoft.LanguageExperiencePackfr-FR";"26100.153.253.0";;"-";"0";"AppX";"main"
"Microsoft.MicrosoftEdge.Stable";"145.0.3800.82";;"-";"0";"AppX";"main"
"Microsoft.MPEG2VideoExtension";"1.2.13.0";;"-";"0";"AppX";"main"
"Microsoft.Paint";"11.2601.401.0";;"-";"0";"AppX";"main"
"Microsoft.RawImageExtension";"2.5.7.0";;"-";"0";"AppX";"main"
"Microsoft.ScreenSketch";"11.2601.0.0";;"-";"0";"AppX";"main"
"Microsoft.SecHealthUI";"1000.29510.1001.0";;"-";"0";"AppX";"main"
"Microsoft.StorePurchaseApp";"22512.1401.1.0";;"-";"0";"AppX";"main"
"Microsoft.VP9VideoExtensions";"1.2.12.0";;"-";"0";"AppX";"main"
"Microsoft.WebMediaExtensions";"2.1.20.0";;"-";"0";"AppX";"main"
"Microsoft.WebpImageExtension";"1.2.14.0";;"-";"0";"AppX";"main"
"Microsoft.WidgetsPlatformRuntime";"1.6.14.0";;"-";"0";"AppX";"main"
"Microsoft.Winget.Source";"2026.312.1141.11";;"-";"0";"AppX";"main"
"Microsoft.ZuneMusic";"11.2601.11.0";;"-";"0";"AppX";"main"
"MicrosoftCorporationII.WinAppRuntime.Main.1.8";"8000.770.947.0";;"-";"0";"AppX";"main"
"MicrosoftWindows.Client.WebExperience";"526.1202.40.0";;"-";"0";"AppX";"main"
"ModifiableWindowsApps";"(dossier)";"-";"-";"0";"Dossier";"main"
"MSBuild";"(dossier)";"-";"-";"0";"Dossier";"main"
"NCM GPRS 64";"01.02.0000";"Siemens AG";"20/03/2026";"0,3";"Registre";"main"
"NREL";"(dossier)";"-";"-";"0";"Dossier";"main"
"NVIDIA Ansel";"391.35";"NVIDIA Corporation";"23/03/2026";"0";"Registre";"main"
"NVIDIA Corporation";"(dossier)";"-";"-";"0";"Dossier";"main"
"NVIDIA Display Container";"1.2";"NVIDIA Corporation";"23/03/2026";"0";"Registre";"doublon"
"NVIDIA Display Container LS";"1.2";"NVIDIA Corporation";"23/03/2026";"0";"Registre";"main"
"NVIDIA Display Session Container";"1.2";"NVIDIA Corporation";"23/03/2026";"0";"Registre";"main"
"NVIDIA Display Watchdog Plugin";"1.2";"NVIDIA Corporation";"23/03/2026";"0";"Registre";"main"
"NVIDIA Install Application";"2.1002.291.0";"NVIDIA Corporation";"23/03/2026";"0";"Registre";"main"
"NVIDIA nView 148.92";"148.92";"NVIDIA Corporation";"23/03/2026";"0";"Registre";"main"
"NVIDIA Optimus Update 31.1.10.0";"31.1.10.0";"NVIDIA Corporation";"23/03/2026";"0";"Registre";"update"
"NVIDIA Pilote 3D Vision 391.35";"391.35";"NVIDIA Corporation";"23/03/2026";"0";"Registre";"main"
"NVIDIA Pilote audio HD : 1.3.36.6";"1.3.36.6";"NVIDIA Corporation";"23/03/2026";"0";"Registre";"main"
"NVIDIA Pilote du contrôleur 3D Vision 390.41";"390.41";"NVIDIA Corporation";"23/03/2026";"0";"Registre";"main"
"NVIDIA Pilote graphique 391.35";"391.35";"NVIDIA Corporation";"23/03/2026";"0";"Registre";"main"
"NVIDIA Stereoscopic 3D Driver";"7.17.13.7500";"NVIDIA Corporation";"-";"0";"Registre";"main"
"NVIDIA Telemetry Client";"8.0.16.0";"NVIDIA Corporation";"23/03/2026";"0";"Registre";"main"
"NVIDIA Telemetry Container";"8.0.16.0";"NVIDIA Corporation";"23/03/2026";"0";"Registre";"main"
"NVIDIA Update Core";"31.1.10.0";"NVIDIA Corporation";"23/03/2026";"0";"Registre";"update"
"NVIDIA WMI 2.31.0";"2.31.0";"NVIDIA Corporation";"23/03/2026";"0";"Registre";"main"
"ODIS";"(dossier)";"-";"-";"0";"Dossier";"main"
"ONLYOFFICE 9.3.1 (x64)";"9.3.1.8";"Ascensio System SIA";"12/03/2026";"1596,5";"Registre";"main"
"OPC .NET API 2.00 Redistributables (x86) 101.0";"2.00.10200";"OPC Foundation";"20/03/2026";"1,4";"Registre";"composant"
"OPC .NET API 2.00 Redistributables 106.0";"2.01.10600";"OPC Foundation";"20/03/2026";"1,7";"Registre";"composant"
"OPC Core Components Redistributable (x64) 106.0";"3.00.10600";"OPC Foundation";"20/03/2026";"5,3";"Registre";"composant"
"OPC Core Components Redistributable (x86) 101.2";"3.00.10102";"OPC Foundation";"20/03/2026";"1,2";"Registre";"composant"
"OPC Foundation";"(dossier)";"-";"-";"0";"Dossier";"composant"
"Open Design Alliance";"(dossier)";"-";"-";"0";"Dossier";"main"
"OpenModelica1.26.3-64bit";"1.26.3-64bit";"Open Source Modelica Consortium (OSMC) and LinkÃ¶ping University (LiU).";"-";"0";"Utilisateur";"main"
"OpenStudio CLI For Revit 2026";"1.2.4";"NREL";"23/03/2026";"367,1";"Registre";"main"
"Panneau de configuration NVIDIA 391.35";"391.35";"NVIDIA Corporation";"23/03/2026";"0";"Registre";"main"
"Personal Accelerator for Revit";"24.4.40.0";"Autodesk";"23/03/2026";"19";"Registre";"main"
"PME Generic DTM";"1.0.46.0";"Schneider Electric";"06/03/2026";"17,8";"Registre";"main"
"Powersim";"(dossier)";"-";"-";"0";"Dossier";"main"
"Prosyst";"(dossier)";"-";"-";"0";"Dossier";"main"
"PSIM 2020a_Demo version 2020a";"2020a";"Powersim, Inc.";"06/03/2026";"394,8";"Utilisateur";"main"
"PSIM 9.3.4 Demo Version";"9.3.4";"Powersim";"06/03/2026";"101,9";"Registre";"main"
"PSx Ethernet RIO DTM";"2.9.0";"Schneider Electric";"06/03/2026";"175,8";"Registre";"main"
"Python 3.14.3";"3.14-64";"Python Software Foundation";"06/03/2026";"123";"Utilisateur";"main"
"PythonSoftwareFoundation.PythonManager";"25.2.240.0";;"-";"0";"AppX";"main"
"QElectroTech (remove only)";;;"-";"0";"Registre";"main"
"RealtekSemiconductorCorp.RealtekAudioControl";"1.1.137.0";;"-";"0";"AppX";"main"
"Revit 2026";"26.0.4.409";"Autodesk";"23/03/2026";"1,8";"Registre";"doublon"
"REX Framework";"23.0.1.4951";"Autodesk, Inc.";"06/03/2026";"15,1";"Registre";"main"
"RSA COM";"26.0.0.11886";"Autodesk, Inc.";"23/03/2026";"7,4";"Registre";"doublon"
"RSA CommonData";"26.0.0.11862";"Autodesk, Inc.";"23/03/2026";"134,7";"Registre";"main"
"RSA RoReinf";"26.0.0.11877";"Autodesk, Inc.";"23/03/2026";"21,6";"Registre";"main"
"SafeNet Sentinel";"(dossier)";"-";"-";"0";"Dossier";"main"
"SAM 2025.4.16";;"National Renewable Energy Laboratory";"06/03/2026";"472,9";"Registre";"main"
"Schneider Electric Mx80 HART Gateway DTM Library";"1.1.5";"Schneider Electric";"06/03/2026";"0";"Registre";"main"
"Schneider Electric Software Update";"3.0.12";"Schneider Electric";"09/03/2026";"34,3";"Registre";"update"
"scilab-2026.0.0 (64-bit)";"2026.0.0";"Dassault Systèmes";"06/03/2026";"986,2";"Registre";"main"
"SeCon";"02.05.0101";"Siemens AG";"20/03/2026";"10,7";"Registre";"main"
"Sentinel Protection Installer 7.7.1";"7.7.1";"SafeNet, Inc.";"10/03/2026";"4,4";"Registre";"main"
"Service Pack 2 for SQL Server 2014 (KB3171021)";"12.2.5000.0";"Microsoft Corporation";"20/03/2026";"0";"Registre";"update"
"Siemens Automation License Manager";"06.00.0100";"Siemens AG";"20/03/2026";"83,2";"Registre";"main"
"Siemens Automation License Manager V6.0 + SP1";"06.00.0100";"Siemens AG";"-";"83,2";"Registre";"update"
"SIEMENS OPC";"03.09.0800";"Siemens AG";"20/03/2026";"4,4";"Registre";"main"
"Siemens Totally Integrated Automation Portal V15.1";"V15.1";"Siemens AG";"-";"6031,6";"Registre";"doublon"
"Siemens Totally Integrated Automation Portal V15.1 - Hardware Support Base Package 0  V15.1";"15.01.0000";"Siemens AG";"20/03/2026";"7";"Registre";"main"
"Siemens Totally Integrated Automation Portal V15.1 - Hardware Support Base Package 02  V15.1";"15.01.0000";"Siemens AG";"20/03/2026";"7";"Registre";"main"
"Siemens Totally Integrated Automation Portal V15.1 - Hardware Support Base Package 03  V15.1";"15.01.0000";"Siemens AG";"20/03/2026";"7";"Registre";"main"
"Siemens Totally Integrated Automation Portal V15.1 - Hardware Support Base Package 04  V15.1";"15.01.0000";"Siemens AG";"20/03/2026";"7";"Registre";"main"
"Siemens Totally Integrated Automation Portal V15.1 - Hardware Support Base Package WCF-01  V15.1";"15.01.0000";"Siemens AG";"20/03/2026";"7";"Registre";"main"
"Siemens Totally Integrated Automation Portal V15.1 - HM All Editions Single SetupPackage  V15.1";"15.01.0000";"Siemens AG";"20/03/2026";"852,4";"Registre";"main"
"Siemens Totally Integrated Automation Portal V15.1 - HM NoBasic Single SetupPackage  V15.1";"15.01.0000";"Siemens AG";"20/03/2026";"413,8";"Registre";"main"
"Siemens Totally Integrated Automation Portal V15.1 - Multiuser Client Single SetupPackage  V15.1";"15.01.0000";"Siemens AG";"20/03/2026";"4,7";"Registre";"main"
"Siemens Totally Integrated Automation Portal V15.1 - Openness SetupPackage  V15.1";"15.01.0000";"Siemens AG";"20/03/2026";"31,7";"Registre";"main"
"Siemens Totally Integrated Automation Portal V15.1 - SIMATIC S7-PLCSIM  V15.1";"15.01.0000";"Siemens AG";"20/03/2026";"676,4";"Registre";"main"
"Siemens Totally Integrated Automation Portal V15.1 - Simatic Single SetupPackage  V15.1";"15.01.0000";"Siemens AG";"20/03/2026";"71,8";"Registre";"main"
"Siemens Totally Integrated Automation Portal V15.1 - Simatic Single SetupPackage 32 Bit  V15.1";"15.01.0000";"Siemens AG";"20/03/2026";"0,2";"Registre";"main"
"Siemens Totally Integrated Automation Portal V15.1 - STEP 7 Single SetupPackage  V15.1";"15.01.0000";"Siemens AG";"20/03/2026";"710,8";"Registre";"main"
"Siemens Totally Integrated Automation Portal V15.1 - Support Base Package TO-01  V15.1";"15.01.0000";"Siemens AG";"20/03/2026";"20,8";"Registre";"main"
"Siemens Totally Integrated Automation Portal V15.1 - Support Base Package TO-02  V15.1";"15.01.0000";"Siemens AG";"20/03/2026";"7";"Registre";"main"
"Siemens Totally Integrated Automation Portal V15.1 - TIACOMPCHECK Single SetupPackage  V15.1";"15.01.0000";"Siemens AG";"20/03/2026";"0,4";"Registre";"main"
"Siemens Totally Integrated Automation Portal V15.1 - WinCC Single SetupPackage  V15.1";"15.01.0000";"Siemens AG";"20/03/2026";"588,4";"Registre";"main"
"Siemens Totally Integrated Automation Portal V15.1 - WinCC Single SetupPackage 32 Bit  V15.1";"15.01.0000";"Siemens AG";"20/03/2026";"7,4";"Registre";"main"
"Siemens Totally Integrated Automation Portal V15.1 - WinCC Transfer Current All Single SetupPackage  V15.1";"15.01.0000";"Siemens AG";"20/03/2026";"1001,6";"Registre";"main"
"Siemens Totally Integrated Automation Portal V15.1 - WinCC Transfer Current CAP Single SetupPackage  V15.1";"15.01.0000";"Siemens AG";"20/03/2026";"1132,8";"Registre";"main"
"Siemens Totally Integrated Automation Portal V15.1 - WinCC Transfer Mandatory Single SetupPackage  V15.1";"15.01.0000";"Siemens AG";"20/03/2026";"561,2";"Registre";"main"
"SIMATIC Device Drivers";"09.02.0100";"Siemens AG";"20/03/2026";"165,4";"Registre";"doublon"
"SIMATIC Device Drivers WoW";"29.02.0100";"Siemens AG";"20/03/2026";"32,6";"Registre";"main"
"SIMATIC Event Database";"05.06.0100";"Siemens AG";"20/03/2026";"3,7";"Registre";"main"
"SIMATIC HMI License Manager Panel Plugin (x64)";"15.01.0000";"Siemens AG";"20/03/2026";"9,6";"Registre";"main"
"SIMATIC HMI Symbol Library";"15.01.0000";"Siemens AG";"20/03/2026";"16,8";"Registre";"main"
"SIMATIC HMI Touch Input";"15.01.0000";"Siemens AG";"20/03/2026";"2,5";"Registre";"main"
"SIMATIC NCM FWL 64";"05.06.0003";"Siemens AG";"20/03/2026";"0,1";"Registre";"main"
"SIMATIC PLCSIM 64";"15.01.0000";"Siemens AG";"20/03/2026";"0,3";"Registre";"main"
"SIMATIC Prosave";"15.01.0000";"Siemens AG";"20/03/2026";"14";"Registre";"doublon"
"SIMATIC Prosave V15.1";"15.01.0000";"Siemens AG";"-";"14";"Registre";"main"
"SIMATIC S7-PLCSIM";"15.01.0000";"Siemens AG";"20/03/2026";"353,8";"Registre";"doublon"
"SIMATIC S7-PLCSIM V15.1";"V15.1";"Siemens AG";"-";"1017,6";"Registre";"main"
"SIMATIC S7-PLCSIM V5.4 + SP8    ";"05.04.0801";"Siemens AG";"-";"23,7";"Registre";"update"
"SIMATIC WinCC Runtime Advanced Driver (x64)";"15.01.0000";"Siemens AG";"20/03/2026";"1,8";"Registre";"main"
"SIMATIC WinCC Runtime Advanced V15.1";"V15.1";"Siemens AG";"-";"108,5";"Registre";"main"
"SQL Server 2014 Common Files";"12.2.5000.0";"Microsoft Corporation";"20/03/2026";"0,5";"Registre";"main"
"SQL Server 2014 Database Engine Services";"12.2.5000.0";"Microsoft Corporation";"20/03/2026";"62,3";"Registre";"main"
"SQL Server 2014 Database Engine Shared";"12.2.5000.0";"Microsoft Corporation";"23/03/2026";"72,7";"Registre";"main"
"SQL Server Browser for SQL Server 2014";"12.2.5000.0";"Microsoft Corporation";"23/03/2026";"9,8";"Registre";"main"
"Sql Server Customer Experience Improvement Program";"12.2.5000.0";"Microsoft Corporation";"20/03/2026";"0,5";"Registre";"main"
"Steel Connections Content for Revit 2026";"26.0.4.409";"Autodesk";"23/03/2026";"841";"Registre";"main"
"SumatraPDF";"3.5.2";"Krzysztof Kowalczyk";"10/03/2026";"22,3";"Registre";"main"
"TeighaX 4.3.1";"4.3.1";"Open Design Alliance";"06/03/2026";"69,3";"Registre";"doublon"
"TeighaX 4.3.1  (x64)";"4.3.1";"Open Design Alliance";"06/03/2026";"68,7";"Registre";"main"
"TIA Administrator";"V1.0";"Siemens AG";"-";"164,5";"Registre";"main"
"TIA Administrator -  TIA Administrator  V1.0 SP1";"01.00.0100";"Siemens AG";"20/03/2026";"124,8";"Registre";"update"
"TIA Administrator - AWB Licensing Module  V1.0 + SP1";"01.00.0100";"Siemens AG";"20/03/2026";"4,9";"Registre";"update"
"TIA Administrator - AWB Software Management  V1.0 + SP1";"01.00.0100";"Siemens AG";"20/03/2026";"50,9";"Registre";"update"
"TIA Administrator - TIA UMC Agent Configurator Module  V1.0 + SP1";"01.00.0100";"Siemens AG";"20/03/2026";"0,1";"Registre";"update"
"TIA Portal Multiuser Server V15.1";"V15.1";"Siemens AG";"-";"19,4";"Registre";"main"
"TIA Portal Multiuser Server V15.1 -  TIA Portal Multiuser Server Single SetupPackage  V15.1";"15.01.0000";"Siemens AG";"20/03/2026";"19,6";"Registre";"main"
"Totally Integrated Automation Portal V15.1 -  TIA Portal Single SetupPackage  V15.1";"15.01.0000";"Siemens AG";"20/03/2026";"353,5";"Registre";"main"
"Unity Pro";"13.0.18099";"Schneider Electric";"06/03/2026";"2172,4";"Registre";"main"
"Unity Pro Ethernet Configuration Tool";"3.9.0";"Schneider Electric";"06/03/2026";"185,1";"Registre";"main"
"Unity Pro PlantStruxure DTM Library";"3.9.3";"Schneider Electric";"06/03/2026";"464,9";"Registre";"main"
"User Geospatial Coordinate Systems";"(dossier)";"-";"-";"0";"Dossier";"main"
"User Management Component";"01.09.01.03";"Siemens AG";"-";"341,8";"Registre";"main"
"User Management Component -  UserManagementComponentx64  01.9 + SP1";"01.09.01.03";"Siemens AG";"20/03/2026";"343,8";"Registre";"update"
"VideoLAN";"(dossier)";"-";"-";"0";"Dossier";"main"
"VLC media player";"3.0.23";"VideoLAN";"-";"0";"Registre";"main"
"Vulkan Run Time Libraries 1.0.65.1";"1.0.65.1";"LunarG, Inc.";"-";"1,7";"Registre";"composant"
"VulkanRT";"(dossier)";"-";"-";"0";"Dossier";"composant"
"WAGO Software";"(dossier)";"-";"-";"0";"Dossier";"main"
"WAGO Solution Builder";"2.0.6";"WAGO GmbH & Co. KG";"06/03/2026";"594,1";"Registre";"main"
"Web Services";"(dossier)";"-";"-";"0";"Dossier";"main"
"WIBU-SYSTEMS";"(dossier)";"-";"-";"0";"Dossier";"main"
"WinCC Runtime Advanced Simulator";"15.01.0000";"Siemens AG";"20/03/2026";"5,8";"Registre";"main"
"WinCC Runtime Advanced V15.1 -  SIMATIC WinCC Runtime Advanced  V15.1";"15.01.0000";"Siemens AG";"20/03/2026";"109,7";"Registre";"main"
"WinCC Runtime Advanced V15.1 - HMIRTM Tagging Package 01 Single SetupPackage  V15.1";"15.01.0000";"Siemens AG";"20/03/2026";"5,8";"Registre";"main"
"Worksharing Monitor for Autodesk Revit 2026";"26.0.4.409";"Autodesk";"23/03/2026";"12,9";"Registre";"main"
"WPTx64";"10.1.19041.1";"Microsoft";"23/03/2026";"47,2";"Registre";"main"
"XLPRO3 v3.9.23";"3.9.23";"Legrand";"23/03/2026";"0";"Registre";"main"
